"Timestamp","Full Name","Group","GSM","E mail","Facebook URL","Will you attend all the sessions ? "
"2017/01/30 6:45:23 PM GMT","Option n° 1","","","","",""
"2017/01/31 9:02:27 PM GMT","Emna Smai","II2","54637210","emna.smai12@gmail.com","https://web.facebook.com/","Saturday, 4 Feb : 8h --->12h;Sunday, 19 Feb : 8h --->12h;Saturday, 4 March : 8h --->12h;Sunday, 19 March : 8h --->12h"
"2017/01/31 9:17:57 PM GMT","talel krimi","II2","24420602","talelkrimi2015@gmail.com","https://www.facebook.com/sora.talel","Saturday, 4 Feb : 8h --->12h;Saturday, 25 Feb : 8h --->12h;Saturday, 4 March : 8h --->12h"
"2017/01/31 9:18:04 PM GMT","THOUIR Salwa","II2","28175819","slaw.thouir@gmail.com","https://www.facebook.com/profile.php?id=100009866072426","Saturday, 4 Feb : 8h --->12h;Sunday, 19 Feb : 8h --->12h;Saturday, 25 Feb : 8h --->12h;Saturday, 4 March : 8h --->12h;Sunday, 19 March : 8h --->12h"
"2017/01/31 9:20:04 PM GMT","Hamdi Twahri","II1","96254959","twahryhamdy@gmail.com","https://www.facebook.com/hamdi.twahry","Sunday, 19 Feb : 8h --->12h;Saturday, 4 March : 8h --->12h;Sunday, 19 March : 8h --->12h"
"2017/01/31 9:22:33 PM GMT","moulahi yasmine","II2","28174695","yasminemoulahi95@gmail.com","https://www.facebook.com/yasmine.moulahi","Saturday, 4 Feb : 8h --->12h;Sunday, 19 Feb : 8h --->12h;Saturday, 25 Feb : 8h --->12h;Saturday, 4 March : 8h --->12h;Sunday, 19 March : 8h --->12h"
"2017/01/31 9:23:21 PM GMT","Gharbi houssem eddine","II1","50682650","hgharbi1995@gmail.com","https://m.facebook.com/hos.sem.7","Saturday, 4 Feb : 8h --->12h;Sunday, 19 Feb : 8h --->12h;Saturday, 25 Feb : 8h --->12h;Saturday, 4 March : 8h --->12h;Sunday, 19 March : 8h --->12h"
"2017/01/31 9:24:22 PM GMT","houssem khaldi","II1","25570239","houssemkh97@gmail.com","https://www.facebook.com/houssem.khaldi.9?fref=ts","Saturday, 4 Feb : 8h --->12h;Sunday, 19 Feb : 8h --->12h;Saturday, 25 Feb : 8h --->12h;Saturday, 4 March : 8h --->12h;Sunday, 19 March : 8h --->12h"
"2017/01/31 9:24:23 PM GMT","Sadok Syrine","II2","20760206","sadeksyriine@gmail.com","https://m.facebook.com/syrine.sadok","Saturday, 4 Feb : 8h --->12h;Saturday, 25 Feb : 8h --->12h;Saturday, 4 March : 8h --->12h"
"2017/01/31 9:24:33 PM GMT","Amara Mouhanned","II2","55363549","mouhanned.amara@ensi-uma.tn","https://www.facebook.com/profile.php?id=100015046366985","Saturday, 4 Feb : 8h --->12h;Sunday, 19 Feb : 8h --->12h;Saturday, 25 Feb : 8h --->12h;Saturday, 4 March : 8h --->12h;Sunday, 19 March : 8h --->12h"
"2017/01/31 9:26:18 PM GMT","hathemi ghorbel","II1","54241553","hathemighorbel2@gmail.com","https://www.facebook.com/MSTAHG","Sunday, 19 Feb : 8h --->12h;Saturday, 4 March : 8h --->12h;Sunday, 19 March : 8h --->12h"
"2017/01/31 9:27:33 PM GMT","BOUTHEINA BEN AMMAR","II2","53500398","boutheinaammar6@gmail.com","https://web.facebook.com/benammar.boutheina","Saturday, 4 Feb : 8h --->12h;Sunday, 19 Feb : 8h --->12h;Saturday, 25 Feb : 8h --->12h;Saturday, 4 March : 8h --->12h;Sunday, 19 March : 8h --->12h"
"2017/01/31 9:27:33 PM GMT","bouchaala hajer","II1","44264084","hajoura1994@live.com","https://www.facebook.com/hajer.hajoura.545","Sunday, 19 March : 8h --->12h"
"2017/01/31 9:27:52 PM GMT","wafa haffoudhi","II1","24809063","haffoudhiwafa@gmail.com","https://www.facebook.com/Wafee.IT","Saturday, 4 Feb : 8h --->12h;Sunday, 19 Feb : 8h --->12h;Saturday, 25 Feb : 8h --->12h;Saturday, 4 March : 8h --->12h;Sunday, 19 March : 8h --->12h"
"2017/01/31 9:28:57 PM GMT","abdelwaheb moalla","II2","93814693","abdou.mf1@gmail.com","https://www.facebook.com/abdou.moalla","Saturday, 4 Feb : 8h --->12h"
"2017/01/31 9:29:00 PM GMT","ben hassine mouna","II1","20834044","mounabenhassine40@gmail.com","https://www.facebook.com/mouna.benhassine.73","Sunday, 19 Feb : 8h --->12h;Saturday, 25 Feb : 8h --->12h;Saturday, 4 March : 8h --->12h;Sunday, 19 March : 8h --->12h"
"2017/01/31 9:29:25 PM GMT","bouchaala hajer","II1","44264084","hajoura1994@live.com","https://www.facebook.com/hajer.hajoura.545","Sunday, 19 March : 8h --->12h"
"2017/01/31 9:30:19 PM GMT","boutheinaben ammar","II2","5350039","boutheinaammar6@gmail.com","https://web.facebook.com/benammar.boutheina","Saturday, 4 Feb : 8h --->12h;Sunday, 19 Feb : 8h --->12h;Saturday, 25 Feb : 8h --->12h;Saturday, 4 March : 8h --->12h;Sunday, 19 March : 8h --->12h"
"2017/01/31 9:31:20 PM GMT","Bouanani Zied","II1","22418753","bouananizied@hotmail.com","https://www.facebook.com/zied.bouanani.148","Saturday, 4 Feb : 8h --->12h;Sunday, 19 Feb : 8h --->12h;Saturday, 25 Feb : 8h --->12h;Saturday, 4 March : 8h --->12h;Sunday, 19 March : 8h --->12h"
"2017/01/31 9:43:07 PM GMT","CHENINI Ramzi","II1","41425548","cheniny.ramzi@gmail.com","https://web.facebook.com/ramzi.chenini","Saturday, 4 Feb : 8h --->12h;Sunday, 19 Feb : 8h --->12h;Saturday, 25 Feb : 8h --->12h;Saturday, 4 March : 8h --->12h;Sunday, 19 March : 8h --->12h"
"2017/01/31 9:46:17 PM GMT","Benfajria Mouhamed khairi","II1","56105247","medfajria@gmail.com","https://www.facebook.com/mouhamed.khairi.1","Saturday, 4 Feb : 8h --->12h;Sunday, 19 Feb : 8h --->12h;Saturday, 25 Feb : 8h --->12h;Saturday, 4 March : 8h --->12h;Sunday, 19 March : 8h --->12h"
"2017/01/31 9:50:07 PM GMT","benzarti med ilyess","II2","58054427","ilyess94@hotmail.com","https://www.facebook.com/ilyess.benzarti","Saturday, 4 Feb : 8h --->12h;Sunday, 19 Feb : 8h --->12h;Saturday, 25 Feb : 8h --->12h;Saturday, 4 March : 8h --->12h;Sunday, 19 March : 8h --->12h"
"2017/01/31 9:51:34 PM GMT","nabi med ali","II2","54054427","ilyess94@hotmail.com","https://www.facebook.com/ali.nabi3","Saturday, 4 Feb : 8h --->12h;Sunday, 19 Feb : 8h --->12h;Saturday, 25 Feb : 8h --->12h;Saturday, 4 March : 8h --->12h;Sunday, 19 March : 8h --->12h"
"2017/01/31 10:23:36 PM GMT","hamdi ben charrada","II2","53052614","hamdibencharrada@gmail.com","https://www.facebook.com/hamdi.hamdi.95","Saturday, 25 Feb : 8h --->12h"
"2017/01/31 10:33:00 PM GMT","Amal AJMI","II1","92852065","amal.ajmi4@gmail.com","https://www.facebook.com/ammoula.ajmil","Saturday, 4 Feb : 8h --->12h;Sunday, 19 Feb : 8h --->12h;Saturday, 4 March : 8h --->12h;Sunday, 19 March : 8h --->12h"